,PFR,SITE,DayNum,HOUR,TIME,BEG
1,DB-F02,PRPN,8,10,10:32,0
2,DB-F07,CNB,25,8,8:45,0
3,DB-F14,PRPN,31,17,17:59,0
4,DB-F16,PHH,16,7,7:54,1
5,DB-F20,PWE,7,17,17:21,0
6,DB-F22,PHH,3,10,10:20,3
7,DB-F22,PRPN,19,9,9:40,0
8,DB-F23,CNB,37,9,9:51,0
9,DB-F23,PHH,31,11,11:09,0
11,DB-F24,CNB,27,11,11:41,8
12,DB-F28,ENM,21,8,8:58,6
13,DB-F28,PHH,38,8,8:42,0
14,DB-F28,PHH,40,17,17:39,0
15,DB-F28,PWE,21,17,17:36,12
16,DB-F35,CNBI,36,10,10:28,0
17,DB-L00,PHH,14,8,8:34,2
18,DB-L11,CNB,2,18,18:17,0
19,DB-L11,CNB,40,9,9:18,5
20,DB-L12,CNB,40,9,9:52,5
21,DB-L18,PHH,35,13,13:27,1
22,DB-L24,CNB,9,9,9:37,2
23,DB-L24,CNB,23,9,9:54,0
24,DB-L26,PHH,31,10,10:59,0
25,DB-L29,CNB,9,11,11:30,0
26,DB-L33,CNB,37,10,10:08,0
27,DB-L34,PRPN,19,9,9:15,3
28,DB-L37,CNB,40,8,8:25,0
29,DB-L40,WJP,8,16,16:55,0
30,DB-L40,WJP,25,13,13:20,0
31,DB-L42,PWE,37,18,18:31,8
32,DB-L43,CNB,27,10,10:44,0
33,DB-L43,PWE,56,9,9:35,0
34,DB-L46,CNB,23,10,10:03,0
35,DB-L50,PWE,44,10,10:48,0
36,DB-L51,PHH,35,12,12:45,0
37,DB-L51,PHH,47,14,14:12,0
38,DB-L51,PRPN,16,10,10:01,0
39,DB-L52,CNB,28,17,17:42,0
40,DB-L57,CNBI,18,10,10:46,2
41,DB-L57,PHH,33,12,12:12,0
42,DB-L57,PWE,26,9,9:38,0
43,DB-L58,PHH,59,10,10:09,0
44,DB-L65,PWE,44,10,10:31,0
45,DB-L71,CNB,27,10,10:44,0
46,DB-L76,CNB,2,18,18:24,0
47,DB-L81,PWE,56,9,9:26,0
48,DB-L87,PWE,21,17,17:50,5
49,DB-L88,PHH,14,9,9:17,0
50,DB-L88,PHH,31,9,9:31,0
51,DB-L94,PHH,40,18,18:19,0
52,DB-L96,THM,12,9,9:35,6
53,DB-P04,PHH,35,13,13:47,0
54,DB-P05,PHH,40,17,17:49,0
55,DB-P09,PRPN,11,18,18:19,0
56,DB-P11,PRPN,16,10,10:07,0
57,DB-P12,THM,17,13,13:24,1
58,DB-P13,CNB,27,11,11:01,0
59,DB-P13,PHH,33,11,11:27,0
60,DB-P22,CNB,27,10,10:44,1
61,DB-P25,PHH,31,9,9:38,0
62,DB-P25,PHH,33,11,11:14,0
63,DB-P35,PHH,33,11,11:07,0
64,DB-P35,PHH,47,16,16:09,11
65,DB-P38,CNB,45,11,11:31,0
66,DB-P41,CNB,32,9,9:57,0
67,DB-P44,CNB,9,11,11:57,4
68,DB-P44,PHH,33,11,11:01,7
69,DB-P53,WJP,8,18,18:12,1
70,DB-P61,PHH,59,10,10:00,0
71,DB-P71,PRPN,19,9,9:57,1
72,DB-P76,PWE,44,12,12:00,0
73,DB-P80,CNB,27,8,8:52,0
74,DB-P80,CNB,40,8,8:58,0
75,DB-P83,PWE,25,8,8:55,2
76,DB-P89,PRPN,16,10,10:28,2
77,DB-P94,CNB,32,9,9:57,0
78,DB-P95,PHH,35,14,14:18,0
79,DB-P95,PHH,38,8,8:42,0
80,DB-P95,PHH,47,16,16:02,0
81,DB-P97,PHH,47,14,14:47,0
82,DB-R02,PHH,3,10,10:32,0
83,DB-R02,PHH,33,12,12:56,0
84,DB-R02,PWE,37,17,17:54,0
85,DB-R04,CNB,27,9,9:13,0
86,DB-R06,PHH,47,14,14:47,0
87,DB-R08,MNWR,48,11,11:27,0
88,DB-R11,PHH,40,18,18:04,0
89,DB-R13,PRPN,11,18,18:30,0
90,DB-R16,CNB,37,9,9:21,0
91,DB-R18,CNB,40,8,8:52,0
92,DB-R20,PRPN,19,9,9:48,0
93,DB-R22,CNB,40,10,10:33,0
94,DB-R26,CNB,56,14,14:59,0
95,DB-R30,PWE,21,17,17:45,2
96,DB-R31,CNB,48,8,8:55,0
97,DB-R33,CNB,40,9,9:40,0
98,DB-R37,CNB,28,18,18:04,0
99,DB-R38,PWE,26,8,8:59,1
100,DB-R47,WJP,17,10,10:13,0
101,DB-R54,CNB,14,18,18:03,1
102,DB-R56,CNB,40,9,9:05,0
103,DB-R59,PWE,42,11,11:39,0
104,DB-R61,CNB,9,11,11:23,0
105,DB-R61,PHH,35,13,13:39,0
106,DB-R61,PHH,47,14,14:03,0
107,DB-R61,PWE,37,18,18:04,0
108,DB-R63,CNB,40,10,10:13,1
109,DB-R74,CNB,37,9,9:57,0
110,DB-R77,CNB,9,9,9:45,0
111,DB-R77,ENM,35,8,8:48,0
112,DB-R78,CNB,9,11,11:44,0
113,DB-R78,CNB,27,11,11:29,1
114,DB-R84,PHH,33,11,11:29,0
115,DB-R84,PHH,47,14,14:56,2
116,DB-R84,PWE,44,11,11:39,0
117,DB-R85,CNB,27,8,8:44,3
118,DB-R86,PHH,35,13,13:04,0
119,DB-R88,CNB,37,10,10:18,1
120,DB-R95,CNB,45,11,11:38,0
121,DB-R96,PHH,40,17,17:36,0
122,DB-S03,PHH,47,13,13:58,0
123,DB-S05,CNB,27,8,8:31,0
124,DB-S12,CNB,48,8,8:34,0
125,DB-S20,PHH,40,17,17:29,5
126,DB-S20,PWE,42,10,10:59,0
127,DB-S22,PHH,33,13,13:41,0
128,DB-S22,PWE,25,8,8:48,0
129,DB-S26,CNB,48,9,9:17,0
130,DB-S36,CNB,27,9,9:37,0
131,DB-S52,PHH,31,10,10:10,0
132,DB-S57,PHH,59,9,9:26,0
133,DB-S60,PWE,21,17,17:56,4
134,DB-S60,WJP,22,15,15:42,7
135,DB-S62,CNB,37,10,10:43,0
136,DB-S64,CNBI,36,10,10:34,0
137,DB-S68,PHH,35,12,12:57,0
138,DB-S6D,WJP,22,15,15:42,0
139,DB-S71,PHH,47,15,15:33,0
140,DB-S74,PHH,35,13,13:04,0
141,DB-S74,PHH,38,9,9:10,0
142,DB-S74,PWE,37,18,18:05,0
143,DB-S74,PWE,42,11,11:05,1
144,DB-S75,CNB,32,9,9:57,0
145,DB-S89,PWE,37,17,17:53,0
146,DB-S91,CNB,45,11,11:43,4
147,DB-T01,CNB,14,17,17:55,0
148,DB-T13,PHH,33,12,12:12,0
149,DB-T13,PHH,35,14,14:28,0
150,DB-T14,ENM,31,15,15:56,0
151,DB-T22,PHH,33,12,12:08,0
152,DB-T22,PHH,47,15,15:05,11
153,DB-T23,CNB,48,9,9:22,0
154,DB-T23,PHH,24,18,18:20,0
155,DB-T25,PHH,42,9,9:12,0
156,DB-T25,PWE,56,9,9:11,0
157,DB-T31,CNB,56,14,14:48,0
158,DB-T32,PWE,42,11,11:28,3
159,DB-T46,PHH,47,14,14:06,0
160,DB-T58,PRPN,16,11,11:12,5
161,DB-T59,PHH,31,9,9:42,0
162,DB-T60,CNB,28,18,18:30,0
163,DB-T60,CNB,56,14,14:40,0
164,DB-T70,PWE,21,18,18:10,0
165,DB-T74,PHH,47,13,13:50,1
166,DB-T76,PRPN,19,9,9:50,0
167,DB-T77,PWE,21,18,18:20,7
168,DB-T80,PWE,37,17,17:54,0
169,DB-T81,PHH,24,18,18:40,0
170,DB-T83,CNB,37,10,10:32,0
171,DB-U07,CNB,27,8,8:20,1
172,DB-U19,PHH,38,9,9:00,0
173,DB-U19,PHH,47,15,15:24,2
174,DB-U25,PHH,35,12,12:50,0
175,DB-U29,PWE,25,8,8:49,0
176,DB-U47,PWE,42,11,11:50,0
177,DB-U53,CNB,37,10,10:49,0
178,DB-U53,PWE,25,9,9:15,1
179,DB-U53,PWE,42,11,11:43,11
180,DB-U58,PWE,26,9,9:05,1
181,DB-U65,ENM,21,9,9:34,1
182,DB-U69,PHH,35,12,12:37,10
183,DB-U69,PHH,42,9,9:12,0
184,DB-U69,PHH,47,15,15:04,0
185,DB-U72,PHH,24,18,18:29,3
186,DB-U76,PWE,44,11,11:06,0
187,DB-U82,PWE,37,18,18:27,2
188,DB-U88,PHH,40,17,17:36,0
189,DB-U91,PHH,47,15,15:24,0
190,DB-V04,PHH,42,8,8:46,0
191,DB-W00,PHH,31,9,9:44,0
192,DB-W09,PWE,25,9,9:08,3
193,DB-W13,PHH,31,10,10:53,0
194,DB-W13,PHH,47,14,14:49,0
195,DB-W13,PHH,59,10,10:24,0
196,DB-W16,CNB,40,8,8:45,0
197,DB-W21,PHH,59,9,9:53,8
198,DB-W23,CNB,40,10,10:46,0
199,DB-W23,PHH,42,9,9:28,0
200,DB-W35,CNB,27,9,9:08,0
201,DB-W35,CNB,40,9,9:05,0
202,DB-W40,CNB,23,10,10:16,0
203,DB-W40,PWE,42,11,11:09,0
204,DB-W44,CNB,37,9,9:42,0
205,DB-W44,PHH,31,9,9:25,0
206,DB-W44,PRPN,30,16,16:41,0
207,DB-W45,PWE,25,9,9:01,1
208,DB-W47,PHH,42,8,8:48,0
209,DB-W48,PWE,56,9,9:19,0
210,DB-W50,CNB,27,10,10:57,7
211,DB-W51,CNB,37,9,9:45,0
212,DB-W51,ENM,21,8,8:33,0
213,DB-W51,THM,17,13,13:27,0
214,DB-W53,PHH,40,17,17:18,0
215,DB-W58,PWE,44,11,11:31,1
216,DB-W65,PHH,38,9,9:33,0
217,DB-W82,CNB,27,11,11:09,0
218,DB-W82,PHH,33,11,11:36,0
219,DB-W82,PHH,35,12,12:30,0
221,DB-W89,PWE,42,10,10:59,0
222,DB-W90,CNB,40,9,9:48,1
223,DB-W90,PHH,59,10,10:31,1
224,DB-W95,CNB,48,9,9:52,0
225,DB-W97,THM,39,8,8:03,0
226,DB-X03,PHH,35,12,12:43,0
227,DB-X10,PRPN,16,9,9:54,0
228,DB-X16,PWE,26,9,9:12,0
229,DB-X20,CNB,40,8,8:39,3
230,DB-X20,CNB,48,8,8:46,1
231,DB-X29,CNB,27,11,11:41,0
232,DB-X29,CNB,40,9,9:12,0
233,DB-X30,CNB,9,10,10:21,6
234,DB-X30,PHH,40,17,17:49,0
235,DB-X31,CNB,27,11,11:17,0
236,DB-X31,PRPN,19,9,9:15,0
237,DB-X32,CNB,9,9,9:00,0
238,DB-X37,CNB,45,11,11:29,10
239,DB-X40,CNB,23,9,9:37,0
240,DB-X44,CNB,27,11,11:01,0
241,DB-X46,PHH,31,10,10:36,0
242,DB-X46,PWE,25,8,8:17,0
243,DB-X46,PWE,44,11,11:25,3
244,DB-X48,PHH,14,8,8:46,0
245,DB-X54,PHH,35,14,14:01,0
246,DB-X65,PHH,33,12,12:56,0
247,DB-X65,PHH,35,13,13:49,0
248,DB-X73,PHH,47,14,14:41,9
249,DB-X83,CNB,9,9,9:59,3
250,DB-X86,CNB,9,10,10:00,8
251,DB-X93,PRPN,16,9,9:56,0
252,DB-X94,PHH,42,8,8:48,0
253,DB-Y00,PWE,37,18,18:10,2
254,DB-Y06,PHH,47,13,13:50,0
255,DB-Y19,CNB,23,9,9:22,3
256,DB-Y20,CNB,14,18,18:13,1
257,DB-Y22,PHH,33,11,11:43,0
258,DB-Y23,PHH,35,13,13:23,0
259,DB-Y24,PHH,40,17,17:49,0
260,DB-Y25,CNB,23,9,9:17,0
261,DB-Y27,CNB,40,10,10:22,0
262,DB-Y27,ENM,21,9,9:33,1
263,DB-Y45,CNB,27,10,10:01,1
264,DB-Y45,PRPN,19,8,8:38,2
265,DB-Y48,PHH,31,9,9:31,0
266,DB-Y49,CNB,28,17,17:52,0
267,DB-Y52,PWE,37,18,18:23,0
268,DB-Y54,PHH,24,18,18:54,2
269,DB-Y54,PHH,35,13,13:41,9
270,DB-Y57,PWE,44,12,12:00,8
271,DB-Y59,PWE,25,8,8:15,0
272,DB-Y70,PHH,42,9,9:22,0
273,DB-Y70,PHH,47,14,14:41,0
274,DB-Y73,PHH,59,9,9:26,0
275,DB-Y74,CNB,14,18,18:20,3
276,DB-Y74,PWE,21,17,17:36,0
277,DB-Y82,PWE,7,17,17:19,0
278,DB-Y82,PWE,26,9,9:05,0
279,DB-Y90,CNB,27,8,8:36,0
280,DB-Y90,PHH,33,12,12:44,0
281,DB-Z08,CNB,37,10,10:32,4
282,DB-Z10,PHH,38,8,8:19,2
283,DB-Z10,PWE,42,11,11:50,0
284,DB-Z14,CNB,40,9,9:48,0
285,DB-Z21,PHH,38,9,9:07,0
286,DB-Z26,PHH,35,12,12:57,0
287,DB-Z52,PHH,24,18,18:54,0
288,DB-Z60,CNB,40,9,9:01,0
289,RD-B87,PHH,30,18,18:06,6
290,RD-B89,CNBI,18,12,12:15,3
291,RD-B90,PRPN,35,18,18:19,0
292,RD-B93,PRPN,29,10,10:28,0
293,RD-B94,PHH,4,8,8:32,0
294,RD-J00,PHH,33,11,11:39,0
295,RD-J00,PWE,37,18,18:44,0
296,RD-J36,PHH,24,8,8:52,3
297,RD-J38,CNB,42,9,9:17,0
298,RD-J41,PHH,8,7,7:54,4
299,RD-J41,WJP,43,10,10:54,0
300,RD-J42,PHH,33,8,8:21,0
301,RD-J43,WJP,23,12,12:07,0
302,RD-J45,PHH,30,18,18:06,0
303,RD-J45,PRPN,29,10,10:38,0
304,RD-J49,ENM,46,9,9:22,3
305,RD-J49,PHH,33,8,8:28,2
306,RD-J49,PRPN,26,9,9:30,0
307,RD-J64,PHH,24,18,18:34,2
308,RD-J64,PWE,42,10,10:50,0
309,RD-J69,PHH,31,10,10:44,0
310,RD-J69,PHH,42,9,9:22,0
311,RD-J70,PRPN,16,10,10:16,0
312,RD-J71,PRPN,11,18,18:25,0
313,RD-J72,PHH,47,15,15:16,0
314,RD-J73,PHH,47,13,13:58,0
315,RD-J73,PHH,59,9,9:47,0
316,RD-J75,MNWR,48,11,11:27,0
317,RD-J75,PHH,59,9,9:36,4
318,RD-J98,PHH,47,16,16:04,0
319,RD-K42,PRPN,16,9,9:29,0
320,RD-K43,ENM,17,18,18:51,2
321,RD-K43,PRPN,41,9,9:48,3
322,RD-K48,WJP,29,11,11:13,1
323,RD-K49,PHH,2,18,18:28,1
324,RD-K54,PRPN,41,8,8:12,0
325,RD-K55,PHH,17,7,7:39,0
326,RD-K55,PRPN,41,10,10:37,0
327,RD-K57,CNB,32,18,18:10,0
328,RD-K57,PRPN,26,9,9:39,0
329,RD-K59,WJP,29,11,11:26,0
330,RD-K62,PRPN,29,10,10:12,0
331,RD-K62,PRPN,34,10,10:21,7
332,RD-K64,ENM,17,18,18:36,0
333,RD-K67,PRPN,4,12,12:44,2
334,RD-K67,PRPN,35,18,18:03,0
335,RD-K73,PRPN,8,11,11:14,5
336,RD-K75,PHH,33,9,9:22,7
337,RD-K75,PRPN,41,9,9:49,0
338,RD-K78,PRPN,41,10,10:44,1
339,RD-K79,PHH,33,9,9:33,2
340,RD-K79,PWE,52,9,9:56,0
341,RD-K82,PHH,17,7,7:44,7
342,RD-K84,CNB,22,11,11:08,6
343,RD-K84,CNBI,23,8,8:36,5
344,RD-K85,PHH,11,9,9:11,2
345,RD-K92,ENM,32,10,10:01,0
346,RD-K92,PRPN,16,10,10:32,0
347,RD-K94,CNB,28,12,12:54,0
348,RD-K94,ENM,17,18,18:37,0
349,RD-K99,PHH,11,8,8:08,0
350,RD-K99,PHH,33,8,8:47,0
351,RD-K99,PRPN,8,10,10:29,0
352,RD-L08,CNB,40,10,10:13,0
353,RD-L09,WJP,10,8,8:10,0
354,RD-L12,PHH,59,10,10:05,0
355,RD-L12,PWE,21,18,18:26,0
356,RD-L15,PHH,31,11,11:03,0
357,RD-L22,PHH,59,10,10:36,0
358,RD-L23,PWE,25,8,8:23,0
359,RD-L24,PHH,33,11,11:54,0
360,RD-L24,PHH,35,13,13:36,0
361,RD-L24,PRPN,16,10,10:03,2
362,RD-L27,PHH,47,14,14:20,0
363,RD-L28,ENM,21,9,9:46,0
364,RD-L28,PHH,14,9,9:24,1
365,RD-L28,PHH,33,11,11:35,0
366,RD-L28,PWE,21,18,18:02,2
367,RD-L29,PHH,33,12,12:23,5
368,RD-L29,WJP,17,10,10:33,0
369,RD-L32,PHH,47,14,14:12,1
370,RD-L42,PHH,35,14,14:11,0
371,RD-N81,PHH,8,8,8:17,3
372,RD-N90,PRPN,31,18,18:43,0
373,RD-N92,PHH,1,7,7:32,2
374,RD-N92,PHH,17,8,8:10,0
375,RD-N92,PRPN,0,17,17:02,0
376,RD-N92,PRPN,16,10,10:20,0
377,RD-N92,WJP,23,13,13:01,4
378,RD-N93,ENM,17,19,19:22,3
379,RD-N96,ENM,32,9,9:29,0
380,RD-N96,PHH,4,9,9:58,0
381,RD-P13,PHH,4,8,8:15,1
382,RD-P13,PHH,33,9,9:40,0
383,RD-P13,PRPN,8,11,11:38,2
384,RD-P13,PRPN,12,8,8:47,0
385,RD-P14,CNB,22,11,11:34,0
386,RD-P14,CNB,25,12,12:00,0
387,RD-P14,CNB,32,17,17:56,0
388,RD-P14,ENM,32,8,8:39,0
389,RD-P17,PRPN,12,9,9:59,11
390,RD-P21,PRPN,4,12,12:49,12
391,RD-P21,PWE,52,9,9:23,1
392,RD-P24,PRPN,41,9,9:22,4
393,RD-P25,PHH,11,8,8:15,0
394,RD-P27,PRPN,41,10,10:32,0
395,RD-P28,PRPN,41,10,10:11,0
396,RD-P30,PRPN,41,9,9:41,0
397,RD-P31,CNB,42,10,10:23,0
398,RD-P31,ENM,26,15,15:37,5
399,RD-P31,PRPN,41,8,8:30,0
400,RD-P32,PRPN,8,11,11:39,5
401,RD-P38,WJP,29,10,10:26,0
402,RD-P40,PHH,24,8,8:46,0
403,RD-P40,PRPN,29,10,10:12,1
404,RD-P40,PRPN,35,18,18:27,0
405,RD-P42,PRPN,31,18,18:05,0
406,RD-P44,ENM,17,19,19:14,0
407,RD-P44,PRPN,34,10,10:56,1
408,RD-P46,CNB,32,18,18:01,1
409,RD-P48,PRPN,41,8,8:57,0
410,RD-P55,PRPN,29,10,10:06,0
411,RD-P56,PRPN,12,9,9:33,2
412,RD-P58,CNB,25,9,9:01,0
413,RD-P62,ENM,9,13,13:53,0
414,RD-P62,PHH,17,7,7:41,3
415,RD-P62,PHH,33,9,9:30,0
416,RD-P62,PRPN,8,10,10:59,0
417,RD-P62,PRPN,31,18,18:50,2
418,RD-P62,PRPN,34,9,9:49,0
419,RD-P63,PHH,36,18,18:41,0
420,RD-P67,CNBI,31,8,8:05,0
421,RD-P68,CNB,42,10,10:39,0
422,RD-P73,PRPN,31,18,18:13,0
423,RD-P80,CNB,25,13,13:16,0
424,RD-P80,CNB,28,12,12:41,0
425,RD-P83,PRPN,31,18,18:34,0
426,RD-P94,THM,38,8,8:05,2
427,RD-P95,ENM,32,9,9:22,0
428,RD-S00,CNB,27,10,10:03,6
429,RD-S01,PWE,52,10,10:59,2
430,RD-S03,PHH,33,8,8:16,0
431,RD-S05,PHH,5,9,9:10,0
432,RD-S05,PHH,8,8,8:28,0
433,RD-S05,WJP,23,12,12:54,0
434,RD-S06,PHH,2,18,18:21,2
435,RD-S06,PRPN,41,11,11:00,0
436,RD-S08,PHH,33,9,9:34,0
437,RD-S11,CNB,42,9,9:45,2
438,RD-S12,PHH,36,18,18:41,0
439,RD-S13,PRPN,12,8,8:02,2
440,RD-S13,PRPN,31,18,18:34,2
441,RD-S14,PHH,24,8,8:40,0
442,RD-S16,PHH,11,7,7:59,8
443,RD-S18,PHH,11,9,9:02,0
444,RD-S18,PHH,17,7,7:26,0
445,RD-S27,PRPN,16,10,10:12,0
446,RD-S27,PRPN,31,18,18:05,4
447,RD-S30,PRPN,31,18,18:41,3
448,RD-S30,PRPN,41,10,10:18,0
449,RD-S31,CNB,25,12,12:52,0
450,RD-S33,PHH,36,18,18:35,0
451,RD-S36,ENM,29,18,18:40,0
452,RD-S39,ENM,32,9,9:22,0
453,RD-S43,PHH,33,9,9:00,0
454,RD-S43,PRPN,41,8,8:18,0
455,RD-S45,PHH,4,8,8:56,0
456,RD-S50,PRPN,41,10,10:18,1
457,RD-S51,PRPN,16,10,10:43,0
458,RD-S53,PHH,33,11,11:01,0
459,RD-S53,PRPN,19,8,8:45,0
460,RD-S54,PHH,47,14,14:28,0
461,RD-S55,PHH,47,15,15:12,11
462,RD-S55,PWE,42,11,11:57,0
463,RD-S57,PWE,21,18,18:20,2
464,RD-S58,PHH,14,9,9:44,3
465,RD-S58,PRPN,19,9,9:57,2
466,RD-S59,PHH,35,13,13:27,0
467,RD-S60,CNBI,18,10,10:35,0
468,RD-S60,PHH,31,9,9:59,0
469,RD-S60,PHH,33,13,13:31,0
470,RD-S60,PHH,38,9,9:46,0
471,RD-S60,PHH,42,9,9:21,0
472,RD-S62,CNB,23,10,10:10,6
473,RD-S63,PHH,38,8,8:30,0
474,RD-S63,PRPN,16,10,10:25,0
475,RD-S68,PHH,24,18,18:01,0
476,RD-S68,PRPN,30,16,16:57,0
477,RD-S69,PRPN,16,11,11:11,0
478,RD-S70,PRPN,16,11,11:18,0
479,RD-S70,PWE,56,9,9:42,0
480,RD-S71,PRPN,11,18,18:59,0
481,RD-S76,PHH,38,8,8:54,0
482,RD-S76,PWE,26,9,9:30,0
483,RD-S76,PWE,42,11,11:16,11
484,RD-S78,CNB,48,9,9:47,0
485,RD-S81,PHH,35,12,12:43,0
486,RD-S81,PHH,40,17,17:37,1
487,RD-S81,PHH,47,15,15:12,0
488,RD-S83,PHH,35,13,13:55,2
489,RD-S83,PHH,38,9,9:10,1
490,RD-S83,PHH,40,17,17:38,0
491,RD-S83,PWE,21,18,18:10,0
492,RD-S84,PHH,42,9,9:28,0
493,RD-S84,PRPN,5,9,9:43,0
494,RD-S84,PRPN,11,19,19:17,1
495,RD-S85,CNB,23,9,9:01,0
496,RD-S89,ENM,16,17,17:20,3
497,RD-S89,THM,17,13,13:27,1
498,RD-S93,CNB,40,9,9:42,0
499,RD-S93,PHH,47,15,15:31,0
500,RD-S98,PHH,47,15,15:54,1
501,RD-T27,PHH,24,8,8:38,1
502,RD-T31,ENM,29,18,18:32,0
503,RD-T40,PHH,24,9,9:14,0
504,RD-T40,PRPN,41,9,9:12,0
505,RD-T40,PWE,52,9,9:42,0
506,RD-T49,PHH,24,9,9:02,1
507,RD-T49,PRPN,34,10,10:53,0
508,RD-T50,PRPN,29,9,9:54,0
509,RD-T50,PRPN,41,9,9:26,0
510,RD-T51,PHH,24,9,9:21,0
511,RD-T52,CNB,25,9,9:38,0
512,RD-T56,PRPN,41,9,9:29,0
513,RD-T61,ENM,29,18,18:26,3
514,RD-T68,CNB,32,18,18:04,1
515,RD-T68,ENM,32,9,9:29,0
516,RD-T96,ENM,7,9,9:22,4
517,RD-T99,CNB,2,19,19:17,2
518,RD-T99,CNB,5,18,18:55,6
519,RD-T99,CNB,9,10,10:27,0
520,RD-T99,ENM,31,15,15:49,0
521,RD-T99,PRPN,0,10,10:50,0
522,RD-U00,PRPN,34,11,11:09,0
523,RD-U19,PHH,38,9,9:34,0
524,RD-U20,PHH,38,8,8:28,0
525,RD-U21,CNB,9,10,10:43,1
526,RD-U21,PHH,38,8,8:36,0
527,RD-U21,PHH,42,9,9:22,0
528,RD-U21,PHH,47,15,15:26,0
529,RD-U21,PWE,25,8,8:55,0
530,RD-U27,PRPN,16,11,11:29,0
531,RD-U28,CNB,28,18,18:03,1
532,RD-U28,ENM,7,8,8:35,0
533,RD-U30,ENM,35,8,8:34,0
534,RD-U30,PHH,42,9,9:18,0
535,RD-U30,PRPN,16,10,10:30,0
536,RD-U30,PRPN,19,9,9:15,0
537,RD-U33,CNB,37,10,10:24,12
538,RD-U33,CNB,40,10,10:30,2
539,RD-U39,PHH,31,10,10:51,0
540,RD-U39,PHH,47,13,13:58,0
541,RD-U39,PHH,59,10,10:00,0
542,RD-U46,PHH,35,13,13:23,0
543,RD-U46,PHH,38,8,8:22,0
544,RD-U46,PHH,42,9,9:28,0
545,RD-U46,PRPN,11,19,19:19,3
546,RD-U46,PWE,37,18,18:30,0
547,RD-U46,PWE,58,18,18:44,0
548,RD-U49,PRPN,4,10,10:16,5
549,RD-U57,CNB,37,9,9:10,0
550,RD-U58,PHH,38,8,8:19,0
551,RD-U65,PHH,42,9,9:28,1
552,RD-U66,PHH,33,11,11:54,2
553,RD-U67,PHH,33,11,11:21,0
554,RD-U67,PHH,38,9,9:16,5
555,RD-U67,PWE,25,9,9:16,0
556,RD-U69,PHH,47,13,13:58,2
557,RD-U75,CNB,40,8,8:46,0
558,RD-U87,CNBI,18,8,8:44,0
559,RD-U89,PHH,31,10,10:26,0
560,RD-U89,PRPN,16,10,10:21,3
561,RD-U91,CNB,14,18,18:02,3
562,RD-U91,PHH,38,8,8:35,1
563,RD-U91,PRPN,19,9,9:22,7
564,RD-U96,CNB,40,10,10:57,0
565,RD-U96,PWE,37,18,18:04,0
566,RD-U99,PHH,47,14,14:03,5
567,RD-U99,PWE,25,9,9:01,0
568,RD-V03,PWE,37,18,18:39,3
569,RD-V03,PWE,42,11,11:22,9
570,RD-V04,PHH,35,13,13:43,1
571,RD-V11,CNB,23,9,9:26,0
572,RD-V11,CNB,27,9,9:30,0
573,RD-V20,CNB,14,17,17:52,0
574,RD-V20,ENM,16,17,17:10,11
575,RD-V20,PHH,33,11,11:59,0
576,RD-V21,PHH,35,12,12:53,0
577,RD-V22,PRPN,19,9,9:41,0
578,RD-V23,CNB,5,18,18:52,0
579,RD-V24,PHH,33,12,12:02,0
580,RD-V25,CNB,27,11,11:41,2
581,RD-V28,WJP,17,10,10:03,0
582,RD-V36,CNB,23,9,9:17,0
583,RD-V36,PRPN,4,10,10:13,0
584,RD-V37,PHH,38,9,9:00,0
585,RD-V43,CNBI,36,10,10:28,3
586,RD-V43,PHH,14,8,8:43,0
587,RD-V45,PHH,33,11,11:29,0
588,RD-V45,WJP,17,10,10:14,0
589,RD-V51,CNB,27,11,11:14,0
590,RD-V59,CNBI,36,10,10:15,0
591,RD-V61,PHH,40,18,18:06,0
592,RD-V65,CNB,37,9,9:45,0
593,RD-V67,ENM,31,15,15:43,1
594,RD-V69,CNB,56,14,14:40,0
595,RD-V75,PHH,47,15,15:24,0
596,RD-V75,WJP,22,15,15:36,0
597,RD-V89,PWE,37,17,17:53,11
598,RD-V99,PRPN,30,16,16:57,9
599,RD-W01,PHH,3,10,10:17,4
600,RD-W06,PRPN,4,11,11:02,0
601,RD-W09,PHH,14,8,8:53,0
602,RD-W09,PHH,33,11,11:45,0
603,RD-W09,PHH,35,12,12:52,0
604,RD-W09,PRPN,16,10,10:25,0
605,RD-W11,PRPN,5,9,9:15,1
606,RD-W12,PHH,1,9,9:30,5
607,RD-W15,PHH,47,14,14:20,0
608,RD-W15,PRPN,16,10,10:43,0
609,RD-W17,PHH,1,10,10:17,1
610,RD-W17,PHH,3,10,10:23,10
611,RD-W17,PHH,33,11,11:06,2
612,RD-W17,PRPN,2,9,9:06,1
613,RD-W18,PHH,35,13,13:32,5
614,RD-W24,PHH,47,15,15:37,0
615,RD-W28,CNB,40,10,10:22,0
616,RD-W28,PHH,47,15,15:57,0
617,RD-W30,CNB,48,9,9:43,1
618,RD-W38,PHH,47,15,15:16,7
619,RD-W38,PRPN,30,17,17:14,1
620,RD-W39,PHH,4,13,13:43,1
621,RD-W39,PWE,37,17,17:55,0
622,RD-W45,CNB,9,9,9:42,0
623,RD-W48,PHH,3,10,10:26,0
624,RD-W48,PRPN,4,10,10:21,0
625,RD-W48,PRPN,5,9,9:22,9
626,RD-W57,PWE,21,18,18:04,0
627,RD-W57,WJP,17,9,9:07,0
628,RD-W61,PHH,2,10,10:11,1
629,RD-W61,PHH,4,13,13:55,0
630,RD-W61,PHH,33,13,13:28,0
631,RD-W61,PRPN,5,9,9:36,1
632,RD-W61,PWE,21,17,17:44,1
633,RD-W68,PWE,42,10,10:53,8
634,RD-W69,PHH,31,9,9:32,5
635,RD-W69,PHH,33,12,12:29,0
636,RD-W74,CNB,14,18,18:25,0
637,RD-W75,PRPN,2,8,8:38,0
638,RD-W76,PHH,33,13,13:36,0
639,RD-W78,CNB,23,9,9:54,5
640,RD-W79,PWE,26,9,9:57,0
641,RD-W86,CNB,9,11,11:57,0
642,RD-W86,PHH,47,15,15:04,0
643,RD-W87,PRPN,16,11,11:02,0
644,RD-W87,PRPN,19,8,8:52,2
645,RD-W87,PWE,42,10,10:50,9
646,RD-W88,CNB,40,9,9:48,0
647,RD-W95,PWE,21,17,17:41,1
648,RD-W96,CNB,40,8,8:45,0
649,RD-W96,PHH,35,14,14:20,2
650,RD-W96,PWE,26,8,8:59,0
651,RD-X23,PHH,47,15,15:16,0
652,RD-X34,CNB,27,9,9:35,1
653,RD-X34,PHH,47,15,15:46,0
654,RD-X38,PHH,33,12,12:01,7
655,RD-X38,PHH,35,13,13:57,0
656,RD-X38,PWE,37,18,18:17,0
657,RD-X48,CNB,56,14,14:40,0
658,RD-Y05,PRPN,41,8,8:03,0
659,RD-Y06,PRPN,41,8,8:03,0
660,RD-Y09,PRPN,41,8,8:27,0
661,RD-Y21,CNB,25,9,9:54,0
662,RD-Y25,CNB,23,8,8:54,0
663,RD-Y35,PHH,35,13,13:23,0
664,RD-Y37,PWE,37,18,18:44,2
665,RD-Y38,PHH,47,16,16:12,0
666,YL-B46,CNB,37,9,9:54,0
667,YL-B46,PWE,42,11,11:28,0
668,YL-B66,PHH,47,14,14:12,4
669,YL-B71,CNB,28,17,17:48,0
670,YL-E03,PHH,59,9,9:43,0
671,YL-E04,CNB,32,9,9:57,0
672,YL-E08,CNB,40,8,8:55,0
673,YL-E08,PHH,1,10,10:07,8
674,YL-E08,PHH,24,17,17:50,0
675,YL-E08,PHH,47,15,15:37,0
676,YL-E08,PRPN,0,11,11:11,0
677,YL-E08,PRPN,4,10,10:53,0
678,YL-E14,PHH,33,12,12:28,0
679,YL-E14,PWE,21,18,18:12,0
680,YL-E15,PHH,33,13,13:11,5
681,YL-E18,CNB,45,11,11:22,0
682,YL-E18,PHH,38,9,9:26,0
683,YL-E18,PHH,59,10,10:43,0
684,YL-E19,PHH,31,10,10:57,0
685,YL-E19,PHH,35,14,14:33,0
686,YL-F00,ENM,32,8,8:26,0
687,YL-F10,WJP,43,11,11:00,0
688,YL-F12,PRPN,41,10,10:12,0
689,YL-F13,ENM,46,10,10:11,2
690,YL-F14,WJP,43,11,11:44,0
691,YL-F18,PHH,1,9,9:57,1
692,YL-F23,CNB,48,9,9:09,1
693,YL-F24,CNB,28,17,17:48,0
694,YL-F24,CNB,32,10,10:28,0
695,YL-F24,PHH,38,8,8:42,0
696,YL-F29,PHH,31,9,9:25,1
697,YL-F38,CNB,28,18,18:00,0
698,YL-F56,PHH,47,14,14:06,1
699,YL-J00,CNB,42,10,10:03,3
700,YL-J00,PWE,61,17,17:34,0
701,YL-J04,PRPN,14,18,18:20,1
702,YL-J07,CNB,25,12,12:42,0
703,YL-J07,PRPN,41,9,9:19,0
704,YL-J11,CNB,6,8,8:39,0
705,YL-J11,CNB,25,10,10:07,0
706,YL-J12,PRPN,41,9,9:03,0
707,YL-J15,PRPN,41,10,10:54,0
708,YL-J16,PRPN,12,9,9:52,0
709,YL-J18,CNB,25,11,11:08,0
710,YL-J20,PHH,11,9,9:01,2
711,YL-J21,CNB,25,8,8:52,0
712,YL-J21,PHH,5,9,9:48,0
713,YL-J21,PRPN,4,12,12:32,0
714,YL-J21,PRPN,5,19,19:11,0
715,YL-J21,WJP,43,11,11:00,8
716,YL-J27,PHH,36,18,18:35,0
717,YL-J29,PHH,4,9,9:10,0
718,YL-J29,PHH,5,9,9:19,0
719,YL-J34,CNB,25,12,12:15,0
720,YL-J35,CNB,25,12,12:21,0
721,YL-J36,CNB,38,18,18:53,1
722,YL-J36,PHH,2,7,7:20,0
723,YL-J37,CNB,28,13,13:00,1
724,YL-J37,PHH,17,7,7:51,0
725,YL-J44,PRPN,4,12,12:26,0
726,YL-J60,PHH,5,9,9:56,0
727,YL-J63,ENM,32,10,10:11,0
728,YL-J73,CNB,40,9,9:00,0
729,YL-J79,ENM,3,10,10:49,1
730,YL-J79,PRPN,41,8,8:40,0
731,YL-J86,CNBI,31,7,7:54,1
732,YL-J86,ENM,26,16,16:25,0
733,YL-J89,PRPN,35,18,18:24,0
734,YL-J93,PRPN,26,9,9:52,10
735,YL-J95,CNB,38,18,18:15,0
736,YL-J99,CNB,6,8,8:55,0
737,YL-J99,PRPN,29,10,10:15,0
738,YL-J99,PRPN,31,17,17:58,0
739,YL-J99,PRPN,41,9,9:19,0
740,YL-K00,PHH,14,8,8:40,3
741,YL-K02,WJP,43,12,12:43,0
742,YL-K05,CNB,25,13,13:06,0
743,YL-K07,PWE,61,17,17:21,7
744,YL-K08,CNB,38,18,18:36,0
745,YL-K11,CNB,42,10,10:33,0
746,YL-K11,ENM,32,8,8:14,0
747,YL-K11,PRPN,8,10,10:34,0
748,YL-K12,CNBI,23,9,9:13,0
749,YL-K12,WJP,43,11,11:13,0
750,YL-K18,CNB,25,12,12:07,0
751,YL-K18,ECG,15,16,16:11,0
752,YL-K20,PHH,48,17,17:04,5
753,YL-K22,CNB,25,8,8:54,0
754,YL-K25,CNB,28,12,12:54,0
755,YL-K25,PHH,36,18,18:20,5
756,YL-K29,PRPN,41,10,10:55,0
757,YL-K38,CNBI,31,7,7:49,0
758,YL-K50,PHH,33,9,9:38,0
759,YL-K52,PRPN,16,10,10:30,0
760,YL-K53,PHH,8,8,8:22,0
761,YL-K62,CNB,42,11,11:31,10
762,YL-K72,PHH,4,9,9:04,1
763,YL-K79,CNB,25,12,12:07,0
764,YL-K79,PRPN,12,8,8:53,0
765,YL-K81,PHH,33,9,9:00,0
766,YL-K81,PRPN,8,11,11:20,1
767,YL-K82,CNBI,23,8,8:12,0
768,YL-K85,CNB,25,12,12:24,0
769,YL-K85,PHH,33,9,9:47,1
770,YL-K86,PHH,4,8,8:08,0
771,YL-K88,PHH,11,7,7:17,5
772,YL-K89,THM,38,8,8:19,2
773,YL-K92,PHH,16,7,7:50,0
774,YL-K94,PRPN,5,18,18:32,1
775,YL-K94,PRPN,31,18,18:51,14
776,YL-K98,ENM,46,9,9:34,0
777,YL-L03,WJP,43,11,11:50,0
778,YL-L05,PRPN,8,11,11:24,0
779,YL-L06,PRPN,12,9,9:47,0
780,YL-L07,CNB,28,13,13:00,7
781,YL-L16,ENM,32,9,9:06,2
782,YL-L17,PHH,33,8,8:28,1
783,YL-L19,PHH,8,7,7:48,3
784,YL-L20,PRPN,14,18,18:10,0
785,YL-L23,ENM,26,16,16:02,0
786,YL-L23,PHH,8,7,7:24,0
787,YL-L25,ENM,17,18,18:17,6
788,YL-L27,PRPN,5,18,18:43,1
789,YL-L30,PHH,33,9,9:54,1
790,YL-L31,ENM,32,8,8:32,10
791,YL-L31,PHH,33,9,9:40,2
792,YL-L33,THM,38,8,8:13,2
793,YL-L34,PHH,33,8,8:22,1
794,YL-L34,PHH,36,18,18:22,0
795,YL-L37,PHH,8,8,8:10,0
796,YL-L41,CNB,25,8,8:52,0
797,YL-L41,PRPN,35,18,18:15,6
798,YL-L48,PRPN,29,10,10:43,0
799,YL-L49,WJP,23,12,12:50,0
800,YL-L50,PHH,5,9,9:08,0
801,YL-L50,PRPN,4,12,12:34,4
802,YL-L51,PRPN,34,9,9:43,0
803,YL-L52,CNBI,23,8,8:19,0
804,YL-L52,PRPN,12,7,7:11,1
805,YL-L54,ENM,32,10,10:00,4
806,YL-L60,PHH,4,9,9:27,0
807,YL-L62,PRPN,41,10,10:35,0
808,YL-L70,ENM,32,9,9:37,0
809,YL-L71,ENM,46,9,9:46,0
810,YL-L77,CNBI,18,11,11:47,7
811,YL-L84,PRPN,29,9,9:59,0
812,YL-L85,PRPN,41,9,9:27,0
813,YL-L99,PHH,11,8,8:45,0
814,YL-L99,PRPN,34,10,10:26,0
815,YL-M00,CNB,38,18,18:29,0
816,YL-M02,CNB,40,9,9:30,0
817,YL-M05,ENM,26,16,16:33,0
818,YL-M06,PHH,33,8,8:53,0
819,YL-M08,ENM,12,17,17:41,0
820,YL-M08,PHH,16,7,7:45,0
821,YL-M08,PRPN,35,18,18:13,0
822,YL-M08,PRPN,41,9,9:04,0
823,YL-M12,CNB,32,18,18:08,3
824,YL-M12,CNB,42,11,11:03,0
825,YL-M13,PRPN,41,10,10:13,5
826,YL-M16,PHH,33,9,9:28,0
827,YL-M16,PRPN,34,11,11:22,0
828,YL-M16,PRPN,41,9,9:52,0
829,YL-M19,ENM,17,18,18:30,0
830,YL-M21,WJP,23,12,12:59,0
831,YL-M23,CNB,40,9,9:18,1
832,YL-M25,WJP,29,12,12:13,2
833,YL-M28,CNB,25,9,9:25,1
834,YL-M53,PHH,33,8,8:22,0
835,YL-M53,PRPN,31,18,18:58,3
836,YL-M53,PRPN,35,18,18:19,0
837,YL-M56,PHH,5,8,8:28,0
838,YL-M57,CNB,25,11,11:54,0
839,YL-M59,CNB,22,9,9:57,0
840,YL-M65,PRPN,8,11,11:06,2
841,YL-M65,PRPN,12,8,8:08,0
842,YL-M72,CNB,25,10,10:17,0
843,YL-M72,PHH,33,8,8:14,0
844,YL-M72,PRPN,12,9,9:40,0
845,YL-M72,PRPN,29,9,9:54,4
846,YL-M75,PRPN,41,9,9:31,0
847,YL-M76,CNB,36,8,8:51,0
848,YL-M76,ENM,12,17,17:33,12
849,YL-M76,PRPN,41,8,8:27,0
850,YL-M86,PRPN,31,18,18:10,3
851,YL-M90,CNB,25,10,10:39,5
852,YL-M93,PRPN,34,11,11:32,0
853,YL-N08,CNB,25,12,12:28,0
854,YL-N13,ENM,32,8,8:14,2
855,YL-N29,ENM,32,10,10:11,0
856,YL-N31,CNB,22,10,10:50,0
857,YL-N38,PRPN,31,18,18:10,3
858,YL-N39,PRPN,31,19,19:08,0
859,YL-N55,CNB,25,9,9:38,0
860,YL-N56,CNB,32,18,18:26,0
861,YL-N57,CNB,25,12,12:00,0
862,YL-N59,CNB,42,11,11:43,0
863,YL-N63,WJP,23,12,12:13,3
864,YL-N68,PRPN,29,10,10:06,0
865,YL-N70,CNB,38,18,18:20,0
866,YL-N72,ENM,32,9,9:28,0
867,YL-N72,PRPN,41,9,9:29,0
868,YL-N73,PWE,52,9,9:17,0
869,YL-N85,PHH,36,18,18:16,0
870,YL-N85,PRPN,34,10,10:11,0
871,YL-N86,CNB,25,9,9:01,0
872,YL-N87,PRPN,34,9,9:42,0
873,YL-N88,WJP,43,9,9:32,0
874,YL-N92,PRPN,31,17,17:53,0
875,YL-N92,PRPN,41,8,8:39,0
876,YL-N94,CNB,25,12,12:24,0
877,YL-N94,PRPN,41,8,8:09,0
878,YL-N97,PHH,33,8,8:30,0
879,YL-P03,PHH,5,8,8:38,2
880,YL-P04,CNBI,23,7,7:54,0
881,YL-P05,PRPN,41,9,9:12,0
882,YL-P06,PHH,33,8,8:16,5
883,YL-P06,WJP,29,10,10:06,8
884,YL-P07,CNB,38,18,18:25,0
885,YL-P09,PRPN,14,18,18:15,4
886,YL-P11,CNB,25,8,8:31,0
887,YL-P15,ENM,26,15,15:43,7
888,YL-P17,CNB,38,18,18:10,0
889,YL-P20,PRPN,8,11,11:44,1
890,YL-P21,PRPN,41,11,11:06,0
891,YL-P26,PRPN,34,11,11:02,3
892,YL-P28,ENM,17,18,18:23,1
893,YL-P35,PHH,11,7,7:53,1
894,YL-P35,PRPN,34,10,10:37,0
895,YL-P38,ENM,17,18,18:30,0
896,YL-P38,PWE,61,17,17:12,10
897,YL-P44,CNB,36,8,8:46,0
898,YL-P46,PHH,17,7,7:47,0
899,YL-P46,PHH,33,9,9:19,0
900,YL-P46,PRPN,31,18,18:24,5
901,YL-P46,PRPN,41,9,9:19,0
902,YL-P49,ENM,46,9,9:02,0
903,YL-P49,PHH,30,18,18:22,3
904,YL-P55,WJP,29,10,10:31,0
905,YL-P61,PHH,17,7,7:32,0
906,YL-P64,ENM,26,16,16:00,0
907,YL-P64,ENM,32,9,9:09,0
908,YL-P64,PWE,52,10,10:04,2
909,YL-P81,CNB,25,9,9:56,0
910,YL-P81,CNB,25,13,13:07,0
911,YL-P83,ENM,46,9,9:52,6
912,YL-P87,WJP,43,9,9:55,0
913,YL-P87,WJP,43,12,12:49,0
914,YL-R01,CNB,25,11,11:46,0
915,YL-R02,PHH,24,8,8:58,0
916,YL-R03,CNB,25,8,8:45,0
917,YL-R03,CNB,38,18,18:53,0
918,YL-R08,PHH,11,8,8:48,7
919,YL-R08,PRPN,41,8,8:57,0
920,YL-R13,CNB,36,8,8:42,0
921,YL-R19,PRPN,29,10,10:17,1
922,YL-R21,CNB,25,11,11:05,1
923,YL-R23,ENM,29,18,18:31,0
924,YL-R29,PHH,33,8,8:30,3
925,YL-R37,ENM,46,8,8:53,0
926,YL-R37,PRPN,35,18,18:13,2
927,YL-R39,PRPN,29,10,10:38,0
928,YL-R42,PWE,61,17,17:41,0
929,YL-R51,CNB,17,7,7:56,0
930,YL-R51,CNB,22,10,10:48,0
932,YL-R52,CNB,40,9,9:14,0
933,YL-R57,PWE,49,7,7:47,0
934,YL-R57,WJP,29,10,10:58,5
935,YL-R59,PHH,36,18,18:20,0
936,YL-R64,PRPN,35,17,17:58,7
937,YL-R64,PWE,52,9,9:50,2
938,YL-R65,CNB,22,11,11:29,0
939,YL-R65,CNBI,23,9,9:06,0
940,YL-R71,CNB,25,8,8:37,4
941,YL-R71,CNB,40,9,9:08,0
942,YL-R77,CNB,25,12,12:45,0
943,YL-R84,CNB,25,12,12:59,3
944,YL-R86,PRPN,35,17,17:53,3
945,YL-R88,PRPN,26,9,9:46,1
946,YL-R88,PRPN,31,18,18:50,0
947,YL-R88,PRPN,41,8,8:39,0
948,YL-R91,PHH,33,9,9:47,3
949,YL-R96,PRPN,31,18,18:24,4
950,YL-R99,PHH,33,8,8:53,6
951,YL-S01,PRPN,41,10,10:42,0
952,YL-S05,PWE,52,10,10:22,0
953,YL-S09,PRPN,29,9,9:59,0
954,YL-S09,PRPN,31,18,18:41,2
955,YL-S12,CNB,32,18,18:00,0
956,YL-S12,PWE,52,10,10:44,1
957,YL-S15,PRPN,41,8,8:21,0
958,YL-S31,PRPN,31,18,18:06,0
959,YL-S32,CNBI,31,9,9:43,0
960,YL-S34,PRPN,41,8,8:35,0
961,YL-S36,ENM,17,19,19:08,6
962,YL-S36,PRPN,31,18,18:15,0
963,YL-S36,PRPN,41,8,8:23,0
964,YL-S39,PRPN,29,10,10:44,0
965,YL-S41,CNB,38,18,18:02,0
966,YL-S54,PRPN,29,10,10:28,0
967,YL-S54,PRPN,31,18,18:09,0
968,YL-S56,CNB,25,12,12:24,0
969,YL-S57,PRPN,41,9,9:12,0
970,YL-S58,PHH,36,18,18:20,0
971,YL-S61,PRPN,31,18,18:16,4
972,YL-S63,ENM,32,9,9:01,7
973,YL-S69,PWE,52,10,10:02,0
